{"cameraMode":{"drawMode":0,"name":"Shaded","section":"Shading Mode"},"sceneLighting":false,"audioPlay":false,"sceneViewState":{"m_AlwaysRefresh":false,"showFog":true,"showSkybox":false,"showFlares":true,"showImageEffects":true,"showParticleSystems":true,"showVisualEffectGraphs":true,"m_FxEnabled":true},"in2DMode":false,"pivot":{"x":-0.006142288446426392,"y":-0.004603266716003418,"z":0.016752302646636964},"rotation":{"x":0.14488732814788819,"y":-0.8519834876060486,"z":0.39312130212783816,"w":0.3140011131763458},"size":0.6276605725288391,"orthographic":false}